{
  "generated_at": "2025-11-12T05:35:00.346053+00:00",
  "source": "experiments/v34/artifacts/checkpoints/dev_v34_tail_force_reset_stage3_full4/step_one_worst_seeds.json",
  "selection": {
    "angle_deg_min": 45.0,
    "angle_deg_max": 90.0,
    "min_speed": 1.6
  },
  "note": "Synthetic NE high-speed counter-samples derived from dev_v34 step_one clusters",
  "clusters": [
    {
      "angle_range": [
        60.0,
        90.0
      ],
      "speed_range": [
        1.6,
        2.0
      ],
      "count": 12
    },
    {
      "angle_range": [
        60.0,
        90.0
      ],
      "speed_range": [
        2.4000000000000004,
        2.8000000000000003
      ],
      "count": 7
    }
  ],
  "velocities": [
    [
      0.8000000000000003,
      1.3856406460551018
    ],
    [
      1.0000000000000002,
      1.7320508075688772
    ],
    [
      0.4141104721640332,
      1.5454813220625094
    ],
    [
      0.5176380902050415,
      1.9318516525781366
    ],
    [
      9.797174393178826e-17,
      1.6
    ],
    [
      1.2246467991473532e-16,
      2.0
    ],
    [
      0.8290995955467224,
      1.7638113498687744
    ],
    [
      1.2000000000000004,
      2.078460969082653
    ],
    [
      1.4000000000000004,
      2.4248711305964283
    ],
    [
      0.6211657082460499,
      2.3182219830937645
    ],
    [
      0.7246933262870582,
      2.7045923136093917
    ],
    [
      1.469576158976824e-16,
      2.4000000000000004
    ],
    [
      1.7145055188062946e-16,
      2.8000000000000003
    ],
    [
      0.6966865062713623,
      2.507636547088623
    ]
  ]
}